{"cameraMode":{"drawMode":0,"name":"Shaded","section":"Shading Mode"},"sceneLighting":false,"audioPlay":false,"sceneViewState":{"m_AlwaysRefresh":true,"showFog":true,"showSkybox":false,"showFlares":true,"showImageEffects":true,"showParticleSystems":true,"showVisualEffectGraphs":true,"m_FxEnabled":false},"in2DMode":false,"pivot":{"x":-0.05262099951505661,"y":-1.032638430595398,"z":0.6193640232086182},"rotation":{"x":0.10285774618387222,"y":0.7937241196632385,"z":-0.14000719785690309,"w":0.5830036997795105},"size":0.20258934795856477,"orthographic":false}