{"cameraMode":{"drawMode":0,"name":"Shaded","section":"Shading Mode"},"sceneLighting":false,"audioPlay":false,"sceneViewState":{"m_AlwaysRefresh":true,"showFog":true,"showSkybox":false,"showFlares":true,"showImageEffects":true,"showParticleSystems":true,"showVisualEffectGraphs":true,"m_FxEnabled":true},"in2DMode":false,"pivot":{"x":-0.01405191421508789,"y":-0.013755392283201218,"z":0.09741616249084473},"rotation":{"x":0.09559674561023712,"y":-0.6027608513832092,"z":0.07306019216775894,"w":0.7888121008872986},"size":0.3425886631011963,"orthographic":false}