{"cameraMode":{"drawMode":0,"name":"Shaded","section":"Shading Mode"},"sceneLighting":false,"audioPlay":false,"sceneViewState":{"m_AlwaysRefresh":true,"showFog":true,"showSkybox":false,"showFlares":true,"showImageEffects":true,"showParticleSystems":true,"showVisualEffectGraphs":true,"m_FxEnabled":true},"in2DMode":false,"pivot":{"x":-1.6140031814575196,"y":0.7336912155151367,"z":0.36884117126464846},"rotation":{"x":-0.33059611916542055,"y":-0.5364071726799011,"z":0.24011677503585816,"w":-0.7384693026542664},"size":0.8660253882408142,"orthographic":false}