{"cameraMode":{"drawMode":0,"name":"Shaded","section":"Shading Mode"},"sceneLighting":false,"audioPlay":false,"sceneViewState":{"m_AlwaysRefresh":true,"showFog":true,"showSkybox":false,"showFlares":true,"showImageEffects":true,"showParticleSystems":true,"showVisualEffectGraphs":true,"m_FxEnabled":false},"in2DMode":false,"pivot":{"x":-0.29049262404441836,"y":0.04399452358484268,"z":1.3788961172103882},"rotation":{"x":-0.09688783437013626,"y":-0.26911816000938418,"z":0.02722199074923992,"w":-0.9578368067741394},"size":0.06738254427909851,"orthographic":false}