{"cameraMode":{"drawMode":0,"name":"Shaded","section":"Shading Mode"},"sceneLighting":true,"audioPlay":false,"sceneViewState":{"m_AlwaysRefresh":true,"showFog":true,"showSkybox":true,"showFlares":true,"showImageEffects":true,"showParticleSystems":true,"showVisualEffectGraphs":true,"m_FxEnabled":false},"in2DMode":false,"pivot":{"x":-0.044207628816366199,"y":-0.037465695291757587,"z":-0.2769216299057007},"rotation":{"x":-0.14592356979846955,"y":-0.5211060047149658,"z":0.09095906466245651,"w":-0.8359927535057068},"size":1.0308423042297364,"orthographic":false}