{"cameraMode":{"drawMode":0,"name":"Shaded","section":"Shading Mode"},"sceneLighting":true,"audioPlay":false,"sceneViewState":{"m_AlwaysRefresh":true,"showFog":true,"showSkybox":true,"showFlares":true,"showImageEffects":true,"showParticleSystems":true,"showVisualEffectGraphs":true,"m_FxEnabled":false},"in2DMode":false,"pivot":{"x":-1.6952290534973145,"y":-90.30862426757813,"z":-31.16038703918457},"rotation":{"x":-0.030304592102766038,"y":0.006593796890228987,"z":-0.00020049427985213697,"w":-0.9995202422142029},"size":121.60051727294922,"orthographic":false}