{"cameraMode":{"drawMode":0,"name":"Shaded","section":"Shading Mode"},"sceneLighting":true,"audioPlay":false,"sceneViewState":{"m_AlwaysRefresh":true,"showFog":true,"showSkybox":true,"showFlares":true,"showImageEffects":true,"showParticleSystems":true,"showVisualEffectGraphs":true,"m_FxEnabled":false},"in2DMode":false,"pivot":{"x":9.123745918273926,"y":50.05941390991211,"z":-19.89160919189453},"rotation":{"x":-0.030304592102766038,"y":0.006593796890228987,"z":-0.00020049427985213697,"w":-0.9995202422142029},"size":173.27061462402345,"orthographic":false}