{"cameraMode":{"drawMode":0,"name":"Shaded","section":"Shading Mode"},"sceneLighting":true,"audioPlay":false,"sceneViewState":{"m_AlwaysRefresh":true,"showFog":true,"showSkybox":true,"showFlares":true,"showImageEffects":true,"showParticleSystems":true,"showVisualEffectGraphs":true,"m_FxEnabled":false},"in2DMode":false,"pivot":{"x":15.986266136169434,"y":29.42623519897461,"z":-73.04428100585938},"rotation":{"x":-0.016508955508470537,"y":-0.0066023957915604118,"z":0.00010813197150127962,"w":-0.9998473525047302},"size":213.00169372558595,"orthographic":false}