{"cameraMode":{"drawMode":0,"name":"Shaded","section":"Shading Mode"},"sceneLighting":true,"audioPlay":false,"sceneViewState":{"m_AlwaysRefresh":true,"showFog":true,"showSkybox":true,"showFlares":true,"showImageEffects":true,"showParticleSystems":true,"showVisualEffectGraphs":true,"m_FxEnabled":false},"in2DMode":false,"pivot":{"x":12.77717399597168,"y":92.89046478271485,"z":-30.205612182617189},"rotation":{"x":-0.17929531633853913,"y":-0.20838487148284913,"z":0.038891565054655078,"w":-0.9606865644454956},"size":806.8140258789063,"orthographic":false}