{"cameraMode":{"drawMode":0,"name":"Shaded","section":"Shading Mode"},"sceneLighting":true,"audioPlay":false,"sceneViewState":{"m_AlwaysRefresh":true,"showFog":true,"showSkybox":true,"showFlares":true,"showImageEffects":true,"showParticleSystems":true,"showVisualEffectGraphs":true,"m_FxEnabled":false},"in2DMode":false,"pivot":{"x":11.519075393676758,"y":-81.40885162353516,"z":-12.633543014526368},"rotation":{"x":0.015305067412555218,"y":-0.024582717567682267,"z":0.00037176371552050114,"w":0.9995880126953125},"size":34.52806854248047,"orthographic":true}