{"cameraMode":{"drawMode":0,"name":"Shaded","section":"Shading Mode"},"sceneLighting":true,"audioPlay":false,"sceneViewState":{"m_AlwaysRefresh":true,"showFog":true,"showSkybox":true,"showFlares":true,"showImageEffects":true,"showParticleSystems":true,"showVisualEffectGraphs":true,"m_FxEnabled":false},"in2DMode":false,"pivot":{"x":-9.334796905517579,"y":-92.57109832763672,"z":-22.54690933227539},"rotation":{"x":0.06563901901245117,"y":0.011072912253439427,"z":0.0007279492565430701,"w":-0.9977833032608032},"size":105.10794830322266,"orthographic":false}