{"cameraMode":{"drawMode":0,"name":"Shaded","section":"Shading Mode"},"sceneLighting":false,"audioPlay":false,"sceneViewState":{"m_AlwaysRefresh":true,"showFog":true,"showSkybox":false,"showFlares":true,"showImageEffects":true,"showParticleSystems":true,"showVisualEffectGraphs":true,"m_FxEnabled":true},"in2DMode":false,"pivot":{"x":0.3169372081756592,"y":3.0874643325805666,"z":1.6499961614608765},"rotation":{"x":-0.293415367603302,"y":-0.14130385220050813,"z":0.043879106640815738,"w":-0.9444760680198669},"size":1.4614075422286988,"orthographic":false}