{"cameraMode":{"drawMode":0,"name":"Shaded","section":"Shading Mode"},"sceneLighting":false,"audioPlay":false,"sceneViewState":{"m_AlwaysRefresh":true,"showFog":true,"showSkybox":false,"showFlares":true,"showImageEffects":true,"showParticleSystems":true,"showVisualEffectGraphs":true,"m_FxEnabled":false},"in2DMode":false,"pivot":{"x":95.58092498779297,"y":124.85518646240235,"z":8.572857856750489},"rotation":{"x":-0.12281235307455063,"y":-0.054458893835544589,"z":0.006749453954398632,"w":-0.9909124970436096},"size":259.40838623046877,"orthographic":false}