{"cameraMode":{"drawMode":0,"name":"Shaded","section":"Shading Mode"},"sceneLighting":false,"audioPlay":false,"sceneViewState":{"m_AlwaysRefresh":true,"showFog":true,"showSkybox":false,"showFlares":true,"showImageEffects":true,"showParticleSystems":true,"showVisualEffectGraphs":true,"m_FxEnabled":false},"in2DMode":false,"pivot":{"x":170.2950439453125,"y":189.96348571777345,"z":14.714003562927246},"rotation":{"x":-0.12281235307455063,"y":-0.054458893835544589,"z":0.006749453954398632,"w":-0.9909124970436096},"size":77.42404174804688,"orthographic":false}