{"cameraMode":{"drawMode":0,"name":"Shaded","section":"Shading Mode"},"sceneLighting":false,"audioPlay":false,"sceneViewState":{"m_AlwaysRefresh":true,"showFog":true,"showSkybox":false,"showFlares":true,"showImageEffects":true,"showParticleSystems":true,"showVisualEffectGraphs":true,"m_FxEnabled":false},"in2DMode":false,"pivot":{"x":175.99932861328126,"y":176.46197509765626,"z":10.665613174438477},"rotation":{"x":-0.12281235307455063,"y":-0.054458893835544589,"z":0.006749453954398632,"w":-0.9909124970436096},"size":28.11577796936035,"orthographic":false}