{"cameraMode":{"drawMode":0,"name":"Shaded","section":"Shading Mode"},"sceneLighting":false,"audioPlay":false,"sceneViewState":{"m_AlwaysRefresh":true,"showFog":true,"showSkybox":false,"showFlares":true,"showImageEffects":true,"showParticleSystems":true,"showVisualEffectGraphs":true,"m_FxEnabled":true},"in2DMode":false,"pivot":{"x":-0.18237435817718507,"y":-0.05508817732334137,"z":0.10828178375959397},"rotation":{"x":-0.17220842838287354,"y":0.6174132227897644,"z":-0.14094434678554536,"w":-0.7545201778411865},"size":0.16375380754470826,"orthographic":false}